pid,label,principal_link,additional_link,description,creators,contact_information,facebook,twitter,instagram,status,order,layout,collection,thumbnail,full
obj003,AMBOS Project,http://www.ambosproject.com/7,,"AMBOS Project started as a month long activation at the San Ysidro border crossing in Tijuana, but has evolved its focus to record and paint a picture of what life looks like along the length of the US/Mexico border for those who are unfamiliar with the realities that take place there. Through the different phases of the project, AMBOS has fostered a greater sense of interconnectedness in the border regions it has visited. AMBOS as a project has become multi-faceted. It is part documentation of the border, part collaboration with artists, part community activism, part exploration of identities influenced by the liminal zone of the borderlands. By connecting with local artists, activists, and makers in the border region, AMBOS is working to capture an accurate representation of the sister cities and communities on both sides. In making community-based art, AMBOS also functions as an emotional thermometer to gauge the health of policy and transnational relationships in each community. AMBOS seeks to generate healthier cross-border relationships between communities and governmental bodies by raising awareness of issues and opinion in the border region and amplifying them to an international audience. Through these efforts, AMBOS recontextualizes and calls attention to the importance and lack of accessibility at US borders. Using craft and art as a vehicle for community self-care, this project is aimed at humanizing the act of border crossing. ",Tanya Aguiniga,ambosproject@gmail.com,https://www.facebook.com/ambosproject/,https://twitter.com/AmbosProject,,active,002,united_item,united,img/derivatives/simple/obj003/thumbnail.jpg,img/derivatives/simple/obj003/full.jpg
obj032,Delis Negron Digital Archive,https://recoveryprojectapp.wixsite.com/negrondigitalarchive,https://www.facebook.com/PALABRASporDelisNegron/,"The Delis Negron personal archive captures the life and legacy of the Puerto Rican writer born in 1901, who was also director, editor, poet, writer, English professor and activist throughout his residency in south Texas and Mexico City during the twentieth century. The digital collection incorporates his personal archive and familial memory as resources for recovering part of his legacy.","Recovering the US Hispanic Literary Heritage, Sylvia Fernandez, Isis Campos, Annette Zapata, Victoria Moreno",recovery@uh.edu,,,,active,031,united_item,united,img/derivatives/simple/obj032/thumbnail.jpg,img/derivatives/simple/obj032/full.jpg
obj033,Dentimundo -Dentistas en la Frontera / Dentists on the Border Mexico /U.S.A.,http://www.dentimundo.com/ ,https://www.marktribe.net/tijuana-calling/dentimundo/,"Dentimundo.com is a multimedia documentary of this micro-economy between the U.S. and Mexico that investigates border dentistry while also presenting users with a directory of dentist clinics along the border. Dentimundo is a new online directory of Mexican dentists on the border with the United States.El Progresso, Ojinaga, Juarez, Nogales, Mexicali, Tijuana, are all Mexican towns or cities that sit on the edge of the United States. These are border sites that have established a direct simbiotic relationship with the U.S. economy by providing a variety of services to U.S. citizenry and attracting U.S. dollars. Dentist clinics are as prominent as three for a dollar tacos, margarita specials and Mexican panchos. What deficits in the U.S. health system is causing this outflow to Mexico? How do the dentists on each side of the border view one another? Where do U.S. citizens prefer to have their teeth cleaned and why? These are just a few of the questions that come to mind when considering the immense quantity of Mexican dentists along the Mexico/United States border.",Ricardo Miranda Zuniga,,,,,inactive,032,united_item,united,img/derivatives/simple/obj033/thumbnail.jpg,img/derivatives/simple/obj033/full.jpg
obj027,Coahuila Enciclopedia Digital,http://proyectosavada.com/coahuila/,http://bibliotecadigitalcoahuila.gob.mx/,"The Coahuila Digital Library is a toolbox where teachers and students find relevant educational material for the development of their educational practice. The site contains interactive animations, multimedia objects and bibliographic material in electonic format. Another resource is the Virtual Public Library which is a digital toolbox where teachers, students and the general public will access useful digital materials for the development of their daily activities whether they are of a professional educational, cultural or personal nature.",Coahuila Gobierno del Estado,,https://www.facebook.com/BibliotecaCoahuila/,https://twitter.com/BiblioCoahuila,,active,026,united_item,united,img/derivatives/simple/obj027/thumbnail.jpg,img/derivatives/simple/obj027/full.jpg
obj031,Delimitations: A Survey of the 1821 United States-Mexico Border,https://delimitationsblog.tumblr.com/,https://www.mcasd.org/exhibitions/delimitations-survey-1821-united-states-mexico-border,"Delimitations is the first attempt to draw the border between Mexico and the United States from 1821 to 1847. It is a collective and nomadic artistic-community work carried out by Marco Ramirez, Erre, Richard Taylor, and Jose Inerzia. Although the blog that initially introduced the process is temporarily disabled, the coordinates in GPS can be viewed through a KMZ file (Google Earth).",Marcos Ramirez ERRE & David Taylor,,,,,active,030,united_item,united,img/derivatives/simple/obj031/thumbnail.jpg,img/derivatives/simple/obj031/full.jpg
obj025,Chicano/a Research Collection,https://libguides.asu.edu/chicanocollection/welcome,,"Archival repository that preserves Chicano/a and Mexican American history in Arizona and the Southwest. Since 1970, they have compiled a distinguished collection of manuscripts, photographs, books, newspapers, and ephemera. Today, they continue to acquire primary and secondary sources that complement the instructional and research needs of the ASU community and the general public.","Arizona State University, Nancy Godoy",Nancy.Godoy@asu.edu,https://www.facebook.com/ChicanoCollection,https://twitter.com/ASUChicano,,active,024,united_item,united,img/derivatives/simple/obj025/thumbnail.jpg,img/derivatives/simple/obj025/full.jpg
obj019,Borderlands: Dispatches from the U.S.-Mexico Boundary,https://www.npr.org/series/291397809/borderland-dispatches-from-the-u-s-mexico-boundary,,"Steve Inskeep and a team of NPR journalists traveled the 1,900-mile length of the U.S.-Mexico border to report on the people, goods and culture that cross the heavily-fortified boundary. NPR News presents the dispatches and related coverage as the multipart series Borderland, exploring major issues such as immigration, the drug trade, business and cultural change through the personal stories of people who live where the countries meet.","National Public Radio (NPR), Kansas Public Radio, The University of Kansas, Steve Inskeep",,,https://twitter.com/NPRinskeep,,active,018,united_item,united,img/derivatives/simple/obj019/thumbnail.jpg,img/derivatives/simple/obj019/full.jpg
obj018,Borderlands Project,https://kristaschlyer.com/borderlands-2/,,"Over the past eight years, Schlyeras work has focused heavily on documenting the US-Mexico borderlands and the changes brought about by US border and immigration policy. This project has included leading a 17-member expedition along the entire 2,000-mile border with fellow photographers in the International League of Conservation Photographers. Schlyer curated a traveling exhibit from that expedition that has shown throughout the United States, including shows in the US House and Senate. This project included a book about the borderlands titled Continental Divide: Wildlife, People and the Border Wall, which has received national recognition, including the National Outdoor Book Award for 2013 and the Best of the Best of university presses honor from the American Library Association.",Krysta Schlyer,kris_schly@yahoo.com,https://www.facebook.com/BorderlandsProject/,https://twitter.com/kristaschlyer,,active,017,united_item,united,img/derivatives/simple/obj018/thumbnail.jpg,img/derivatives/simple/obj018/full.jpg
obj024,California Digital Newspaper Collection,https://cdnc.ucr.edu/cgi-bin/cdnc,,"The California Digital Newspaper Collection contains over 1,500,000 pages of significant historical California newspapers published from 1846-present, including the first California newspaper, the Californian, and the first daily California newspaper, the Daily Alta California. It also contains issues of several current California newspapers that are part of a project to preserve and provide access to contemporary papers.","California Digital Newspaper Collection. Center for Bibliographic Studies and Research. University of California, Riverside.  California State Library",cdnc@cbsr.ucr.edu.,https://www.facebook.com/California-Digital-Newspaper-Collection-144681682251513/,,,active,023,united_item,united,img/derivatives/simple/obj024/thumbnail.jpg,img/derivatives/simple/obj024/full.jpg
obj030,DACAmented: DREAMS without Borders - Digital Storytelling Project,https://lizbethdelacruzsantana.com/mural-project,,"This political advocacy project is dedicated to elaborate a bilingual digital archive on Childhood Arrivals, Deferred Action for Childhood Arrivals (DACA) beneficiaries and their immediate family and friends through Digital Storytelling. By implementing the methodology, the archive hosts videos of two to five minutes in length narrated in the first person and elaborated by participants. The intention is to give agency to the participants and to allow them to construct an image of this specific group. Equally important, the archive aims to contribute qualitative information and enhance public debate and policy through the testimonies centered on the experiences of DACA recipients.","UC Davis, Lizbeth De La Cruz Santana",ldsdelacruz@ucdavis.edu,https://www.facebook.com/pg/dacamentedproject/about/?ref=page_internal,https://twitter.com/DACAmented_dst,,active,029,united_item,united,img/derivatives/simple/obj030/thumbnail.jpg,img/derivatives/simple/obj030/full.jpg
obj008,Border Crossers,http://amorphicrobotworks.org/border-crossers,,"A robot, designed, of course, to cross borders specifically the border between Mexico and the United States. With the rise and reign of a president who won the support of xenophobes by promising a massive wall between the US and Mexico, this creation serves a poetic and political function. The project comprise a series of lightweight robotic sculptures that poetically explore the notion of borders and boundary conditions. The inflatable sculptures rise up to several stories high and extend across a given threshold. Their choreographed performance, originating on both sides of the border, would stage a symbolic connection. The project treats the border as a physical condition that can be temporarily transcended by technological proxies. It offers a critique of militarized geopolitical borders, and a metaphorical suspension of those borders in the form of temporary arches.",Chico MacMurtie,,https://www.facebook.com/BorderCrosser/,,,inactive,007,united_item,united,img/derivatives/simple/obj008/thumbnail.jpg,img/derivatives/simple/obj008/full.jpg
obj034,Desde aqui se ve el futuro,http://minicienciaficcion.blogspot.com/,,"Antology of mini(science)fiction conceived by Pepe Rojo and Taller[e]media during the series of interventons that he realized in the International Line of San Ysidro, in Tijuana, Baja California.",Pepe Rojo,rojopepe@hotmail.com,,,,inactive,033,united_item,united,img/derivatives/simple/obj034/thumbnail.jpg,img/derivatives/simple/obj034/full.jpg
obj020,Borderlands: International League of Conservation Photographers,https://conservationphotographers.org/?expedition=borderlands-rave,,"The Borderlands expedition has helped document the wildlife, landscapes, and human communities of the borderlands, and the impact the border wall is having on them. This expedition is now taking their own story to the public and policy makers, and are using the images to enhance the reach to a coalition of groups and people working on this issue. The photographers in this project have been featured in videos, exhibits, and documentaries that have been shown to various governmental offices in an attempt to impact the decisions made in terms of border security.","International League of Conservation Photographers (ILCP)1, Miguel Angel de la Cueva, Cristina Mittermeier, Jack Dykinga, Kevin Schafer, Roy Toft,Wendy Shattil, Krista Schlyer, Chris Linder, Jeff Foott,Ted Wood, Claudio Contreras Koob",images@ilcp.com,,,https://www.instagram.com/iLCP_Photographers/,active,019,united_item,united,img/derivatives/simple/obj020/thumbnail.jpg,img/derivatives/simple/obj020/full.jpg
obj021,Bordersights,https://www.instagram.com/bordersights/,,The project creates a digital archive using Instagram to document the crossing between Mexico and the United States. The photographs displayed show different elements and forms of crossing from one side to the other.,,lasbordersights@gmail.com,,,https://www.instagram.com/bordersights/,active,020,united_item,united,img/derivatives/simple/obj021/thumbnail.jpg,img/derivatives/simple/obj021/full.jpg
obj035,Diccionario enciclopedico de Baja California,http://www.icbc.gob.mx/diccionario_bc.html,,"Digitized version of the ""Encyclopedic Dictionary of Baja California""",Instituto de Cultura de Baja California (ICBC),http://www.icbc.gob.mx/directorio.html,,,,active,034,united_item,united,img/derivatives/simple/obj035/thumbnail.jpg,img/derivatives/simple/obj035/full.jpg
obj009,Border Perspectives,https://www.borderperspective.org/,,"Border Perspective provides educational border trips and uses gallery-like exhibits, written stories, and artist talks to challenge beliefs and understanding about a complex and tumultuous region of our country.

Border Perspective started as an exploration trip along the U.S./Mexico border, showcasing real stories of the people who live there. In early 2017, Yonathan and Jordan Moya took a 9-day photographic journey along the border, traversing almost 2,000 miles through the southern states of Texas, New Mexico, Arizona and California.

The Moya brothers have lived most of their adult lives in the Midwest, but they grew up on the border. Yet, despite their upbringing, they realized they didn't know everything about life on the border.","Yonathan Moya,  Jordan Moya",YONATHAN@BORDERPERSPECTIVE.ORG,https://www.facebook.com/borderperspective/,,https://www.instagram.com/borderperspective/,active,008,united_item,united,img/derivatives/simple/obj009/thumbnail.jpg,img/derivatives/simple/obj009/full.jpg
obj023,Bronsbil Estacion,https://bronsbilestacion.blogspot.com/2015/04/taking-it-to-streets-part-4-of-4.html,,Bronsbil Estacion began in 2009 as the Reliving Brownsville Facebook page. It went through several changes and after the Brownsville Station band reunited in 2012 it became Bronsbil Estacion. It continues on Facebook but only as a jump off point to this blog.,Javier R. Garcia,,https://www.facebook.com/brownsville.station/,,,active,022,united_item,united,img/derivatives/simple/obj023/thumbnail.jpg,img/derivatives/simple/obj023/full.jpg
obj037,Dona Ana Sphere Project,https://donaanasphere.com/,,"The objective of the Dona Ana Sphere Project is to contribute towards a fuller understanding of both crisis and dispute resolution during natural disaster, war and military occupation. From 1828 to the 1850s, a series of floods devastated the mostly indigenous and mestizo communities of Paso Del Norte. This project will examine the strategies of the villagers of Dona Ana during the occupation of their village by the U.S. military. It will also examine the local Juez de Paz (Justice of the Peace) process in resolving the intra-village conflict precipitated by the flooding and inter-community migration. One of the key aims of this study is to understand, through diligent archival research, how the families of the Dona Ana Sphere negotiated and adapted to the political, economic and social realities of their time. Such a study may also reveal their tactics for the construction of a complicated peace.",Sonja Sonnenburg,sonja@sonnenburg.org,,,,inactive,036,united_item,united,img/derivatives/simple/obj037/thumbnail.jpg,img/derivatives/simple/obj037/full.jpg
obj036,DIGIE,"http://www.digie.org/
",http://history.elpasotexas.gov/digie,"DIGIE is a vast collection of images and videos exploring El Pasos past and present. It examines its people and its many cultures on giant 3-D touch-sensitive TV screens at the Museum of History and on a mobile Mini-Digie as well. Our Mini-Digie will be transported to classrooms, malls, community centers and other locations where citizens gather so everyone has the opportunity to experience and be included in El Pasos digital history.",El Paso Museum of History,digitalwall@elpasotexas.gov,,,,active,035,united_item,united,img/derivatives/simple/obj036/thumbnail.jpg,img/derivatives/simple/obj036/full.jpg
obj022,Bracero History Archive,http://braceroarchive.org/items/browse/?type=4,,"The Bracero History Archive collects and makes available the oral histories and artifacts pertaining to the Bracero program, a guest worker initiative that spanned the years 1942-1964. Millions of Mexican agricultural workers crossed the border under the program to work in more than half of the states in the United States.","Bracero History Archive is a project of the Roy Rosenzweig Center for History and New Media, George Mason University, the Smithsonian National Museum of American History, Brown University, and The Institute of Oral History at the University of Texas at El Paso. Funding provided by the National Endowment for the Humanities. Principal Investigators: Sharon Leon, Tom Scheinfeldt; Project Manager: James Halabuk. Collections Director: Kristine Navarro; Outreach Director & Content Lead: Matt Garcia; Collections, Outreach & Dissemination Coordinator: Peter Liebhold, Steve Velazquez, Bonnie Lilienfeld; Latino Programming Coordinator: Magdalena Mieri",chnm@gmu.edu,,,,active,021,united_item,united,img/derivatives/simple/obj022/thumbnail.jpg,img/derivatives/simple/obj022/full.jpg
obj086,Onda Latina: The Mexican American Experience,http://www.laits.utexas.edu/onda_latina/index,,"The collection consists of 226 digitally preserved audio programs including interviews, music, and informational programs related to the Mexican American community and their concerns from the radio series ""The Mexican American Experience"" and ""A esta hora conversamos"" the Longhorn Radio Network, 1976-1982. The contents of this collection include interviews, music, and informational programs related to the Mexican American community and their concerns. Topics covered on these programs include political activities of Mexican Americans, Mexican American folklore and folk medicine, corridos, Tejano music, Mexican American musicians, voting rights, education, health, farm workers unions and working conditions, and some Mexican and Central American topics.","UT Austin, John Mckiernan-Gonzalez (professor, among many others)",blac@lib.utexas.edu,,,,active,085,united_item,united,img/derivatives/simple/obj086/thumbnail.jpg,img/derivatives/simple/obj086/full.jpg
obj092,Puente Arizona / Puente Movement / The Puente Human Rights Movement,http://puenteaz.org/,https://www.youtube.com/user/Puenteaz/featured,"The Puente Human Rights Movement is a grassroots migrant justice organization based in Phoenix, Arizona. We develop, educate, and empower migrant communities to protect and defend our families and ourselves.  We organize to build our communitys power with a Closed Fist, Open Hand Strategy.
With a closed fist, we fight enforcement that criminalizes our people through racial profiling, police-ICE collaboration, and the detention and deportation system.With an open hand, we combat attrition policies that try to make our lives unliveable, by building an inclusive community.

",,info@puenteaz.org,https://www.facebook.com/puenteaz/,https://twitter.com/Puenteaz,,active,091,united_item,united,img/derivatives/simple/obj092/thumbnail.jpg,img/derivatives/simple/obj092/full.jpg
obj045,EMIF - Encuestas sobre migracion en las fronteras norte y sur de Mexico,https://www.colef.mx/emif/,,"Surveys on Migration in the Northern and Southern Borders of Mexico (NH and SH), provide elements to measure and characterize migratory flows across the borders Mexico-United States and Mexico-Guatemala, as well as migrants returned to Mexico, Guatemala, Honduras and El Salvador, by immigration authorities from Mexico or the United States.",Colegio de la Frontera Norte,emifmail@colef.mx,,,,active,044,united_item,united,img/derivatives/simple/obj045/thumbnail.jpg,img/derivatives/simple/obj045/full.jpg
obj051,Fierce Fronteriza,https://www.fiercefronteriza.com/fierce-fronteriza-blog,,"Fierce Fronteriza seeks to inspire hope + consciousness + action to create a more just world by sharing the histories and stories of border people through essays, photographs, and interviews. Centering history from the periphery provides us different perspectives; invisible connections and alliances become visible. Trauma and perseverance live side by side. These histories reveal the past, illuminate the present, and provide us a vision for the future.",Dr. Yolanda Chavez Leyva,ycleyva@gmail.com,https://www.facebook.com/FierceFronteriza,https://twitter.com/FrcFronteriza,,active,050,united_item,united,img/derivatives/simple/obj051/thumbnail.jpg,img/derivatives/simple/obj051/full.jpg
obj079,Monroe Work Today,http://www.monroeworktoday.org/,,"The project presentes the work of Monroe Nathan Work, who lived from 1866 1945. This website is a rebirth of one piece of his work. In his career, he felt compelled to document every known lynching that was happening in the United States. The project is an update of Monroe Works legacy using digital tools to list again every known lynching, including what has been clarified or newly uncovered in contemporary research. Each record here has a footnote inviting you to investigate for yourself.",Auut Studio,,,https://twitter.com/MonroeWorkToday,,active,078,united_item,united,img/derivatives/simple/obj079/thumbnail.jpg,img/derivatives/simple/obj079/full.jpg
obj078,Migri Map,https://migrimap.sitey.me/,https://lizbethdelacruzsantana.com/,"The Migri Map is a publicly accessible physical guide and mobile application for Android and IOS devices of humanitarian aid resources in Tijuana, Mexico available to migrants. ","Comite Estrategico de Ayuda Humanitaria, Families Belong Together (partners)",migrimap@gmail.com,,https://twitter.com/MapMigri,,in progress,077,united_item,united,img/derivatives/simple/obj078/thumbnail.jpg,img/derivatives/simple/obj078/full.jpg
obj050,Festival Internacional de Poesia Caracol,http://festivalinternacionalpoesiacaracol.blogspot.com/,,"A blog that documents the Poetry Festival organized anually by Yohanna Jaramillo. It carries out activities mainly in Tijuana, but also in the cities from Baja California like Tecate, Rosarito and San Quintin.",Yohanna Jaramillo,yohannaj79@hotmail.com,https://es-la.facebook.com/tijuanaescaracol/,,,active,049,united_item,united,img/derivatives/simple/obj050/thumbnail.jpg,img/derivatives/simple/obj050/full.jpg
obj044,Ellas tienen nombre,http://www.ellastienennombre.org/,,"The project is composed of a map that shows the geographical location where some of the girls and women victims of feminicide in Ciudad Juarez from 1993 to date were killed, abandoned and / or found. This monitoring and mapping of femicides is made up of two parts. The first part includes from 1993 to 2014. To register the femicides committed in these years, the official information of government agencies as well as from non-governmental organizations, civil associations, newspapers, and information collected before from activists, writers, women and feminists was used. The second part includes from 2015 to date. At this time, the same creator has been monitoring and recording daily the femicides committed in the city through the digital and written press, as well as in social networks.",Lic. Ivonne Ramirez Ramirez,ivonne.rmzrmz@gmail.com,,,,active,043,united_item,united,img/derivatives/simple/obj044/thumbnail.jpg,img/derivatives/simple/obj044/full.jpg
obj093,Radio UABC,http://radio.uabc.mx/,,Department of the UABC in charge of the university radio. It safeguards open reel (reel-to-reel tapes) with more than 30 years of sound history. It has digitized work for several years and produced several podcasts.,Universidad Nacional Autonoma de Baja California (UABC),vanessa.verdugo@uabc.edu.mx,http://www.facebook.com/uabcradio,https://twitter.com/uabcradio,,active,092,united_item,united,img/derivatives/simple/obj093/thumbnail.jpg,img/derivatives/simple/obj093/full.jpg
obj087,Online Archive of California (OAC),http://www.oac.cdlib.org/,,"The Online Archive of California (OAC) provides free public access to detailed descriptions of primary resource collections maintained by more than 200 contributing institutions including libraries, special collections, archives, historical societies, and museums throughout California and collections maintained by the 10 University of California (UC) campuses.","University of California, California Digital Library: Digital Special Collections program",cdl@www.cdlib.org,,,,active,086,united_item,united,img/derivatives/simple/obj087/thumbnail.jpg,img/derivatives/simple/obj087/full.jpg
obj091,Proyecto Tierra y Libertad,https://web.archive.org/web/20170706130902/http://tierraylibertad.xyz:80/,,"A digital repository that contains artistic, historiographic and political interventions around the Magonista movement at the beginning of the 20th century.",Pepe Rojo,rojopepe@hotmail.com,,,,active,090,united_item,united,img/derivatives/simple/obj091/thumbnail.jpg,img/derivatives/simple/obj091/full.jpg
obj085,Observatorio Turistico de Baja California,http://www.observaturbc.org/,,"A research group dedicated to keeping track and characterizing the flow of tourists in, to, and across Baja Californian cities, particularly Tijuana. It offers statistical reports from yearly surveys on national and international visitors to Baja Californian cities, as well as on touristic attractions, such as Tijuana's festival ""opera en la calle."" It also has a monthly newsletter on Issuu with dossiers on different kinds of tourism (ecotourism, sports tourism, residential tourism, and so on). ","Colegio de la Frontera Norte, Nora Bringas",nbringas@colef.mx,https://www.facebook.com/observatur.bc,https://twitter.com/ShaneSLynch1,,active,084,united_item,united,img/derivatives/simple/obj085/thumbnail.jpg,img/derivatives/simple/obj085/full.jpg
obj052,Fonoteca Colef,https://soundcloud.com/fonotecaelcolef,,"Fonoteca Colef is a project replicating Mexico City's Fonoteca Nacional, founded and directed by researcher Miguel Olmos. It seeks to gather, preserve, and disseminate Mexico's Northwestern sound heritage.","Colegio de la Frontera Norte, Miguel Olmos",olmos@colef.mx,https://www.facebook.com/FonotecaElColef/,,,active,051,united_item,united,img/derivatives/simple/obj052/thumbnail.jpg,img/derivatives/simple/obj052/full.jpg
obj046,Everyday La Frontera,http://numerof.org/everyday-la-frontera/,,"An online conversation about culture, everyday life, migration, and human rights in the borderlands.",,"everydaylafrontera@gmail.com,  alonsocastillo026@gmail.com",https://www.facebook.com/everydaylafrontera/,,https://www.instagram.com/everydaylafrontera/,active,045,united_item,united,img/derivatives/simple/obj046/thumbnail.jpg,img/derivatives/simple/obj046/full.jpg
obj047,Family Reunions Project,https://www.familyreunionsproject.com/,https://www.facebook.com/FamilyReunionsProject/videos/199430000958200/,"VR is hailed for its ability to transport. The Family Reunions Project (FRP) is using this power to create immersive virtual reunions between undocumented immigrants and their families abroad. The FRP consists of two components. 1) Virtual Reunions via VR Postcards. VR Postcards consist of 360-degree video experiences that are pre-recorded and screened privately for families that have been separated due to immigration status. As VR technology advances, so too does our ability to connect people across distances. Our most recent ""VR Postcards"" have included room-scale 3D recreations of homes via photogrammetry. 2) Storytelling. The FRP culminated with ""Home with America,"" a VR documentary around one of the families that participated in the FRP. In this award-winning documentary, Gladys, an undocumented immigrant, cannot visit her dying mother, America. Defying this separation, Gladys finds a way, however ephemeral, to reunite with her mother.","Sumak Productions, Alvaro Morales, Frisly Soberanis, Cami Dominguez ",info@familyreunionsproject.com,https://www.facebook.com/FamilyReunionsProject,,,in progress,046,united_item,united,img/derivatives/simple/obj047/thumbnail.jpg,img/derivatives/simple/obj047/full.jpg
obj053,Forgotten Histories of the U.S.-Mexico Border,https://blogs.brown.edu/amst-1700d-s01-fall-2015/,,"Students in the Fall 2015 junior seminar Race and Remembering compiled this digital exhibit, to illuminate historical and ongoing anti-immigrant and anti-Latinx violences through a focus on the U.S.-Mexico border. It exposes processes of colonization, racialization of Latinx populations, and policing that are fundamental to its history and legacy.","Brown University, Kenia Alfaro, Dylan Cole-Kink, Liam Dean-Johnson, Liam Dean-Johnson, Sage Fanucchi-Funes, Anselmo Fuentes, Danielle Galvan Gomez, Amani Hayes-Messinger, Liz Malone, Joey Massa, Linda Medina, Hector Peralta, Jonatan Perez, Sofia Robledo Rower, Spencer Roth-Rose, Mae Verano, Jeremy Wolin, Jessica Zambrano",,,,,active,052,united_item,united,img/derivatives/simple/obj053/thumbnail.jpg,img/derivatives/simple/obj053/full.jpg
obj084,New Mexico Digital Collections,http://econtent.unm.edu/,,"New Mexico Digital Collections is the central search portal for digital collections about New Mexico. A service of the University of New Mexico Libraries, we provides access to digitized photographs, manuscripts, posters, oral histories, videos, maps, and books from libraries, museums, and cultural centers across the state.","University of New Mexico Library in collaboration with: Acequia Madre House, Albuquerque Bernalillo County Library Special Collections;The Albuquerque Museum; Belen Harvey House Museum; Corrales Historical Society; Farmington Museum; Historical Society of New Mexico; Hubbard Museum of the American West; Indian Pueblo Cultural Center; Institute of American Indian Arts; Los Lunas Museum of Heritage and Arts; National Hispanic Cultural Center; New Mexico History Museum, Chavez History Library; New Mexico History Museum, Photo Archives; New Mexico Museum of Natural History; New Mexico State University Library; Roswell Museum and Art Center; Silver City Museum; University of New Mexico, Art Museum; University of New Mexico, Center for Southwest Research; University of New Mexico, Department of Music; University of New Mexico, Spanish Colonial Research Center; University of New Mexico, Health Historical Collections; University of New Mexico, Tamarind Institute",,https://www.facebook.com/UNMlibraries,https://twitter.com/UNMLibraries,,active,083,united_item,united,img/derivatives/simple/obj084/thumbnail.jpg,img/derivatives/simple/obj084/full.jpg
obj090,Poets Against Border Walls,https://www.youtube.com/channel/UCiqBlWXBjVoMjX3R1RMovng,,"In light of border wall building for the past 10+ years in the Rio Grande Valley of Tejas with the federal government's plans for more, and in light of additional policies that negatively affect us, our families, and our communities, Resistencia: Poets Against Walls Collective aims to tell, document, and share communal stories from individual perspectives--through poetry, testimonio, and the spoken word--about life here en la frontera, stories and/or points of view the media often misses. We seek to do and create ""work that matters"" as per the late Valley writer and visionary Gloria E. Anzaldua, and through our resistencia, help cultivate social change.","Emmy Perez, Alejandro Sanchez, Arnulfo Segovia",poetsagainstwalls@gmail.com,,https://twitter.com/PoetsAgstWalls,,active,089,united_item,united,img/derivatives/simple/obj090/thumbnail.jpg,img/derivatives/simple/obj090/full.jpg
obj094,Red de Nacional Fonotecas Virtuales,https://www.fonotecanacional.gob.mx/index.php/servicios/red-de-fonotecas-virtuales#,,A platform created by the Red de Nacional Fonotecas Virtuales that allows access to the heritage sounds digitized of the institution through all the virtual sound libraries installed in various educational and cultural institutions of the country.,Fonoteca Nacional de Mexico,informesrnf@cultura.gob.mx,,,,active,093,united_item,united,img/derivatives/simple/obj094/thumbnail.jpg,img/derivatives/simple/obj094/full.jpg
obj080,Museo de las Californias,"http://www.cecut.gob.mx/emuseo.php
",http://cecut.gob.mx/exposiciones/,"Inaugurated on February 24, 2000, it has a permanent exhibition of representative objects of regional history, from prehistory to the second half of the 20th century. It was designed in a helical ramp of 2,200 square meters and is the only cultural space in the city that shows a historical synthesis and incorporates interactive resources to the traditional museography discourse.",Centro Cultural Tijuana ,,https://www.facebook.com/pages/Museo-de-las-Californias/563688453656615,,,active,079,united_item,united,img/derivatives/simple/obj080/thumbnail.jpg,img/derivatives/simple/obj080/full.jpg
obj057,Hemeroteca Joaquin Meade,http://iih.uat.edu.mx/FONDOS%20%20Y%20COLECCIONES/HEMEROTECA.html,,"It contains periodical publications, most of the state of Tamaulipas and some of other entities of the country. (Extreme dates: 1824-1939).","Universidad Autonoma de Tamaulipas, Juan Diaz Rodriguez, Rosa Elia Reyna avila",,,,,active,056,united_item,united,img/derivatives/simple/obj057/thumbnail.jpg,img/derivatives/simple/obj057/full.jpg
obj043,El Paso History Alliance,https://www.facebook.com/elpasohistoryalliance/,,"The El Paso History Alliance is a group of historians who promote the history and culture of El Paso. This Facebook page is not subject to any government entity and is therefore a free speech zone. The El Paso History Alliance ""IS NOT"" a 501C3 Non Profit Organization. This page has NO CONNECTION to the El Paso County Historical Commission, which does not own this page or its content.",,epha1881@gmail.com,https://www.facebook.com/elpasohistoryalliance/,,,active,042,united_item,united,img/derivatives/simple/obj043/thumbnail.jpg,img/derivatives/simple/obj043/full.jpg
obj042,El lobo y el cordero ediciones,https://issuu.com/loboycordero.ediciones,,"Tijuana publishing house specialized in the narrative of horror and science fiction [later it would become the Monomitos publishing house, also founded by Nestor Robles.",Nestor Robles,editorialojodepez@gmail.com,https://www.facebook.com/loboycordero.ediciones/,,,inactive,041,united_item,united,img/derivatives/simple/obj042/thumbnail.jpg,img/derivatives/simple/obj042/full.jpg
obj056,Hemeroteca Digital Nacional de Mexico,http://www.hndm.unam.mx/consulta/busqueda/buscarPorLetra?letra=A,,"La Hemeroteca Nacional Digital de Mexico (HNDM) is a virtual repository of periodical publications of a historical nature, which seeks to meet the same objectives that guide the National Newspaper Archive of Mexico (HNM): promote the preservation, conservation and dissemination of the Hemerographic heritage of the country. It is the largest virtual repository of images of newspapers and magazines printed in Mexico between 1722 and 2010, with about nine million digital pages, in which users can search by words and phrases within their textual contents.","Universidad Nacional Autonoma de Mexico, Biblioteca Nacional de Mexico, Guadalupe Curiel Defosse, Alvaro Matute Aguirre, Ricardo Jimenez Rivera, Lorena Gutierrez Schott, Jorge Arturo Ruedas Mendoza",,https://www.facebook.com/BiblioNacMex.HemeroNacMex.IIBUNAM,https://twitter.com/IIBUNAM,,active,055,united_item,united,img/derivatives/simple/obj056/thumbnail.jpg,img/derivatives/simple/obj056/full.jpg
obj081,Native Land,https://native-land.ca/,,"This map is in honor of all the Indigenous Nations [of colonial states]. It seeks to highlight that all land has a creation story and we must remember to support and stand by the original people of the lands we call home. The hope is that it instills pride in the descendants of these People, brings an awareness of Indigenous history, the long lasting effects of colonialism and uplifts the Nations that have never stopped fight to protect the Earth for us all",Victor G. Temprano,https://native-land.ca/contact/,https://www.facebook.com/nativelandnet/,https://twitter.com/nativelandnet,,active,080,united_item,united,img/derivatives/simple/obj081/thumbnail.jpg,img/derivatives/simple/obj081/full.jpg
obj095,"Redes, migrantes sin fronteras",http://redes.dh.tamu.edu/,,"REDES aims to be the meeting point between initiatives, the migrant population and civil society. REDES, is also an inclusive and dynamic website whose goal is to be the starting point in the search for help by migrants who are in transit through Mexico or Mexicans who are back. The project provides its users with: digital maps for searching, information on civil initiatives and the services they offer, information on shelters, care centers and programs for those who have been deported and forums for artistic and narrative expression.","Rubria Rocha de Luna, Alicia Zavala Garcia, Alex Garza, Denise Meda Calderon, Jason Campos, Texas A & M University",redes.migrantes@gmail.com,https://www.facebook.com/redesmigrantessinfronteras/,https://twitter.com/RedesMigrantes,,active,094,united_item,united,img/derivatives/simple/obj095/thumbnail.jpg,img/derivatives/simple/obj095/full.jpg
obj083,Neta Rio Grande Valley,https://netargv.com/,,Neta is a bilingual multimedia platform based in the Rio Grande Valley along the Texas-Mexico border. The project create engaging and culturally relevant content that amplifies the voices of border residents aimed to challenge mainstream narratives about this region. They want to inspire young people to act on urgent social and cultural issues.,"Dani Marreo Hi, Lissette Castillo, Eduardo Martinez, Christopher Kurt Martinez, Nanci Guevara, Samantha Herrera, Jackie Cortez, Adrian Castellanos, Josue Ramirez, Juan Villela, Veronica G. Cardenas, Joe Uvalles, Beatrix Lestrange, Alexandra Nicole Salazar Vasquez, Omar Casas, Misael Ramirez, Nicole Saenz, Ruben Garza, Andy Gutierrez, Robert Lopez",la@netargv.com,https://www.facebook.com/netargv/,https://twitter.com/netargv,,active,082,united_item,united,img/derivatives/simple/obj083/thumbnail.jpg,img/derivatives/simple/obj083/full.jpg
obj097,Remezcla,https://remezcla.com/,https://instragram.com/remezcla,"Remezcla is an innovative online local guide to Latino culture with editions in 5 cities: Chicago, Los Angeles, Miami, New York, San Francisco and Phoenix. Remezcla covers a wide range of Latino events and trends including concerts, art exhibits, films and restaurants from a hip, entertaining and smart point of view.",,,htttps://facebook.com/remezcla,https://twitter.com/REMEZCLA,,active,096,united_item,united,img/derivatives/simple/obj097/thumbnail.jpg,img/derivatives/simple/obj097/full.jpg
obj068,Mapa de #UnVioladorentuCamino,https://umap.openstreetmap.fr/es/map/un-violador-en-tu-camino-2019_394247#4/34.41/-91.58,,"Mapping of performance ""Un violador en tu camino"" created by the feminist collective La Tesis. Some main intervention can be seen at the border region. ","Geochicas, LaInternacionalFeminista, Isaura Fabra y Celine Jacquin",,,https://twitter.com/GeochicasOSM,,active,067,united_item,united,img/derivatives/simple/obj068/thumbnail.jpg,img/derivatives/simple/obj068/full.jpg
obj040,Editorial Ojo de Pez,https://issuu.com/editorialojodepez,,Tijuana artisan publishing house specialized in experimental poetry and novels.,"Patricia Binme, Lili Amore",kodamacartonera@gmail.com,https://www.facebook.com/editorialojodepez,https://twitter.com/EditorialOjo,,active,039,united_item,united,img/derivatives/simple/obj040/thumbnail.jpg,img/derivatives/simple/obj040/full.jpg
obj054,Frontera Digital,https://roxanarodriguezortiz.com/frontera/historiografia-de-la-frontera/ ,https://estudiosfronterizos.org/,This project looks to research and develop geospacial technologies with the intent to promote a more democratic and respectful culture in regards to the migrant communities and the diferent comunitites that recieve them within the country.,Roxana Rodriguez,roxrodri@gmail.com,,,,active,053,united_item,united,img/derivatives/simple/obj054/thumbnail.jpg,img/derivatives/simple/obj054/full.jpg
obj108,The Strachwitz Frontera Collection of Mexican and Mexican American Recordings,http://frontera.library.ucla.edu/,,"The Arhoolie Foundation's Strachwitz Frontera Collection of Mexican and Mexican American Recordings is the largest repository of these commercially produced vernacular recordings in existence. The nearly 160,000 recordings in the collection were made primarily in the United States and Mexico and were issued on 78 rpm, 45 rpm, and 33rpm (long-playing, or LP) phonograph records and cassette and reel-to-reel tapes. The earliest recording was made in 1908, and the latest recordings were released in the 1990s. These performances are divided into three sections, roughly by era. Because of the depth and breadth of each section, and because many of the recordings are irreplaceable, the Strachwitz Frontera Collection is unique.","UCLA Chicano Studies Research Center, Arhoolie Foundation, UCLA Digital Library, Chon A. Noriega, Chris Strachwitz, Stephen Davison",info@arhoolie.org,https://www.facebook.com/ArhoolieFoundationFronteraCollection,,,active,107,united_item,united,img/derivatives/simple/obj108/thumbnail.jpg,img/derivatives/simple/obj108/full.jpg
obj109,Tierras fronterizas en la mira,http://storymaps.esri.com/stories/2017/embattled-borderlands/index.html?language=spanish,,"Under The Borderlands Project, Schlyer has focused a decade of work on documenting the US-Mexico borderlands and the impact U.S. border and immigration policy are having on the wildlife, people and ecosystems of the region. This endeavor has included collaborative projects with the Sierra Club, Defenders of Wildlife, the National University of Mexico City, the International League of Conservation Photographers, and many other organizations and individuals. Photography and video in Embattled Borderlands was donated by many talented individuals, including the team of photographers that participated in the iLCP Borderlands Expedition in 2009.",Krysta Schlyer,kris_schly@yahoo.com,https://www.facebook.com/krista.schlyer,https://twitter.com/kristaschlyer,,active,108,united_item,united,img/derivatives/simple/obj109/thumbnail.jpg,img/derivatives/simple/obj109/full.jpg
obj055,Google Newspapers,https://news.google.com/newspapers?hl=en#E,,"Digital newspapers from the United States. Link newspaper or free/paid archive that holds newspaper. Home page unavailable and service merged with Google News, but newspapers are still searchable.","Originally PaperofRecord.com created by Robert J. Huggins; aquired by google June 6, 2006",,,,,active,054,united_item,united,img/derivatives/simple/obj055/thumbnail.jpg,img/derivatives/simple/obj055/full.jpg
obj041,El Juarez de ayer,https://eljuarezdeayer.wixsite.com/el-juarez-de-ayer,,"This project is intended to show and document the moments of Mexican history that are dedicated to Ciudad Juarez...of those who have lived in this border city, who from anywhere in Mexico camo to this site receiving the welcome, waiting for the opportunity to show the different events that occurred in each span of its extension that are still unknown. The project creates a photographic community archive to show the world how valuable Ciudad Juarez is. The site mentiones that as ""Natives or not, we have a duty to make known the value of this land that daily stives to show its Heroism that gives it the strength of being the Refuge of Freedom, Custody of the Republic...""","Jose Luis Hernandez Caudillo, Joel Casas y Adrian Garcia Castro",https://eljuarezdeayer.wixsite.com/el-juarez-de-ayer/contacto,https://www.facebook.com/ElJRZdeAyer/,,,active,040,united_item,united,img/derivatives/simple/obj041/thumbnail.jpg,img/derivatives/simple/obj041/full.jpg
obj069,Mapa Sonoro de Mexico,https://mapasonoro.cultura.gob.mx/,,"The Ministry of Culture in Mexico, through the National Library of Mexico, presents the Sound Map of Mexico that serves as a collection of the different Mexican sounds through time and space. The project seeks to portray Mexican society and letting us know how we were, are and will be.",Gobierno de Mexico,,,,,active,068,united_item,united,img/derivatives/simple/obj069/thumbnail.jpg,img/derivatives/simple/obj069/full.jpg
obj096,Refusing to Forget,https://refusingtoforget.org/,,"Between 1910 and 1920 ethnic Mexicans living on the Texas-Mexico border were targets of state-sanctioned violence. Although historians estimate that several thousand Mexican nationals and American citizens were killed, this period of violence has received little public attention. Refusing to Forget, an educational non-profit, hopes that in bringing public awareness to this often forgotten period, we can also raise the profile of a struggle for justice and civil rights that continues to influence social relationships today.","Trinidad Gonzales, Sonia Hernandez, Monica Munoz Martinez, Benjamin Johnson, John Moran Gonzalez",refusingtoforget@gmail.com,https://www.facebook.com/refusingtoforget/,https://twitter.com/Refusing2Forget,,active,095,united_item,united,img/derivatives/simple/obj096/thumbnail.jpg,img/derivatives/simple/obj096/full.jpg
obj082,Native Texans: The Coahuiltecan Speakers of the San Antonio Mission,https://nativetexans.omeka.net/,,,Paloma Vargas,palomavargas@tec.mx,,,,in progress,081,united_item,united,img/derivatives/simple/obj082/thumbnail.jpg,img/derivatives/simple/obj082/full.jpg
obj064,LA FRONTERA: Artists along the U.S.-Mexico Border,https://borderartists.com/,https://twitter.com/borderartists,"Over the last ten years I have traveled to most major and some smaller cities on both sides of the 2000 miles long U.S.-Mexico border and photographed about 200 painters, photographers, musicians, writers, dancers, architects and art promoters in order to shine a spotlight on the vibrant cultural activities and cross-border opportunities that exist despite the tremendous challenges in this bi-national region.",Stefan Falke,stefanfalke@mac.com,https://www.facebook.com/LaFronteraArtistsAlongTheUsMexicanBorder,,https://www.instagram.com/borderartists/,active,063,united_item,united,img/derivatives/simple/obj064/thumbnail.jpg,img/derivatives/simple/obj064/full.jpg
obj070,Mapped the Fluid Border Between El Paso and Ciudad Juarez,https://nicoleantebi.com/,,"The animation shows the historical movements of the Rio Grande / Rio Bravo from 1827 to 1960. The image is based on an 1896 topographic map that proposed an international dam where New Mexico, Mexico and Texas are located. Animation is a record not only of historical changes, but also an image of the river's real life. It is the history of the agency of the river and the changing place of the world. Like the motionless lines of a traditional map, the border prints an idea of how the river should move towards the landscape.",Nicole Antebi,nicole.antebi@gmail.com,,https://twitter.com/nananaKneeeees,,active,069,united_item,united,img/derivatives/simple/obj070/thumbnail.jpg,img/derivatives/simple/obj070/full.jpg
obj058,Historic Mexican and Mexican American Press,http://www.library.arizona.edu/contentdm/mmap/?_ga=1.54565291.1433533697.1461018791,,"The Historic Mexican and Mexican American Press collection documents and showcases historic Mexican and Mexican American publications published in Tucson, El Paso, Los Angeles, San Francisco, and Sonora, Mexico from the mid-1800s to the 1970s. The digital collection at the University of Arizona Libraries makes accessible more than 150 years of news coverage documenting the voice of the Mexican and Mexican American community. The publications capture the historical record of the Mexican and Mexican American community during significant times including the Gadsden Purchase, the Mexican Revolution, the Great Depression and Mexican repatriation, World War II, the Bracero program and the Chicano Civil Rights Movement.","University of Arizona, University Libraries",azmemory@azlibrary.gov,,https://twitter.com/uazlibraries,,active,057,united_item,united,img/derivatives/simple/obj058/thumbnail.jpg,img/derivatives/simple/obj058/full.jpg
obj110,Tijuana Calling,https://www.marktribe.net/tijuana-calling/,,"Tijuana Calling is an online curatorial project featuring five commissioned online art projects that address issues specific to the borderlands of Tijuana/San Diego, including migration and exchange, flows of capital and labor, surveillance and privacy, translation and cultural hybridity. These art projects will take the form of actions, events, performances and tactical interventions in public online spaces. As an extension of the inSite_05 web site, Tijuana Calling will document and link to these projects, but the projects themselves will happen elsewhere: in multiplayer online games, commerce sites, social network sites, wireless networks, and other online locations that form the virtual public domain of Tijuana/San Diego.","Curator: Mark Tribe; Contributors: Anne-Marie Schleiner, Luis Hernandez, Ricardo Miranda Zuniga, Kurt Olmstead, Brooke Singer, Angel Nevarez, Alex Rivera, Fran Ilich, Coco Fusco, Ricardo Dominguez",marktribestudio@gmail.com,https://www.facebook.com/marktribe,https://twitter.com/marktribe,,active,109,united_item,united,img/derivatives/simple/obj110/thumbnail.jpg,img/derivatives/simple/obj110/full.jpg
obj104,The Immigration Project,,,Oral histories of immigration reposited in a digital platform.,,,,,,inactive,103,united_item,united,img/derivatives/simple/obj104/thumbnail.jpg,img/derivatives/simple/obj104/full.jpg
obj105,The Latina History Project,http://latinahistoryproject.omeka.net/,,"The LHP is a faculty-student research project that aims to enhance undergraduate education and provide resources on Latina/o and Chicana/o history in the Central Texas region. While the project began with the goal of digitizing the Rostros y Almas/Faces and Souls exhibit on local Tejanas, it has grown to encompass the broader mission of enhancing understandings of Latina/o and Chicana/o history. The LHP does so through the collection of oral histories from past and present members of Southwestern community as well as several activists, including key figures in the Chicana/o Movement in Texas.","Southwestern University, Dr. Brenda Sendejo, Dr. Alison Kafer",https://latinahistoryproject.omeka.net/contact,,https://twitter.com/SouthwesternU,,active,104,united_item,united,img/derivatives/simple/obj105/thumbnail.jpg,img/derivatives/simple/obj105/full.jpg
obj111,Torn Apart / Separados,http://xpmethod.plaintext.in/torn-apart/volume/2/index,,"A mobilized humanities project that emerges from the immigration crisis that started at the United States-Mexico border. Creating visualizations, Volume 1 aggregates and cross-references publicly available data to visualize the geography of zero tolerance immigration policy in 2018 and immigration incarceration in the USA in general. This initial volume highlights the landscapes, families, and communities affected by the massive web of immigrant detention in the United States. Volume 2 explores the financial landscape of US Immigration and Customs Enforcement (ICE) and the impact of its increased investment in detention, enforcement, and deportation of immigrant families.","Alex Gil, Roopika Risam, Manan Ahmed, Moacir P. de Sa Pereira, Maira alvarez, Sylvia Fernandez, Linda Rodriguez, Merisa Martinez",tornapartseparados@gmail.com,,#TornApart #Separados,,active,110,united_item,united,img/derivatives/simple/obj111/thumbnail.jpg,img/derivatives/simple/obj111/full.jpg
obj059,Humanizando la Deportacion,http://humanizandoladeportacion.ucdavis.edu/es/,,"This project visibilizes a range of humanitarian problems that have been generated by the massive displacement of humans as a consequence of mismanagment on both sides of the US-Mexico border. It employs digital narrative, digital genre that puts the content and production control in the hands of community narrators (deported and others affected by deportation and deportability),  to produce a public archive that gives the deportation crisis a human face.","University of California Davis, Colegio de la Frontera Norte (Tijuana), Universidad de Guadalajara, Tecnologico de Monterrey, Universidad Autonoma de Chihuahua",rmirwin@ucdavis.edu,https://www.facebook.com/Humanizando-la-Deportaci%C3%B3n-179628745925853/,,,active,058,united_item,united,img/derivatives/simple/obj059/thumbnail.jpg,img/derivatives/simple/obj059/full.jpg
obj071,Mapping History Project: Stories of the Southwest,http://michaelsimeone.org/omeka/,,"A goal of the Mapping History Project is to activate history through dynamic and viable interactive demonstrations of unknown stories. Another objective is to promote tolerance through understanding of diversity, which can be historically traced in an expanded history that reflects all communities that make up a place. Narratives interwoven upon historic maps from the Simon Burrow Map Collection at the School of Transborder Studies at ASU visualize histories and lived experiences of transborder populations along the United States and Mexico borderlands. Here stories of ancient peoples who have populated the regions since before Europeans discovered the Americas is paralleled with contemporary mainstream history of the Southwest.","Arizona State University, Institute for Humanities Research, The Arizona Center for Medieval and Renaissance Studies, Theresa Avila, Sharonah Fredrick, Robert Bjork, Carlos Velez-Ibanez, Micheal Simeone, Nilam Bari, Arpit Mathur",,,,,active,070,united_item,united,img/derivatives/simple/obj071/thumbnail.jpg,img/derivatives/simple/obj071/full.jpg
obj065,Linealist,https://linealist.wordpress.com/,https://vimeo.com/user19573169,"The Linealist explores the history of New Mexican families, culture and ancestry. The project curates archival documents in the Digitized Records page, and offers research links in the Archive Portal. To illustrate the connections between and amongst New Mexican and Nueva Viscayan families, the Matrilineal and Patrilineal pages address the ancestral lines of the children of Elijio Chavez and Carmen Fierro.",,linealist@gmail.com,https://www.facebook.com/Linealist/,,,active,064,united_item,united,img/derivatives/simple/obj065/thumbnail.jpg,img/derivatives/simple/obj065/full.jpg
obj098,Rural Immigration Network / Red Rural de Inmigracion,https://ruralimmigration.net/,,"RIN allows community builders to learn from others like themselves, creating an online network that stretches across geographic distances and highlights efforts to empower and support immigrant newcomers in rural areas.",Katherine Tegtmeyer Pak,ktp@stolaf.edu,,https://twitter.com/KSTPak,,active,097,united_item,united,img/derivatives/simple/obj098/thumbnail.jpg,img/derivatives/simple/obj098/full.jpg
obj073,Mapping Texts,http://mappingtexts.org/index.html,,Mapping Texts is a collaboration between the University of North Texas and Stanford University with a pretty simple mission: experiment with new methods for finding and analyzing meaningful patterns embedded within massive collections of historical newspapers.,"Stanford University, University of North Texas, Andrew J. Torget, Jon Christensen, Cameron Blevins",andrewtorget@gmail.com,,https://twitter.com/andrewtorget,,active,072,united_item,united,img/derivatives/simple/obj073/thumbnail.jpg,img/derivatives/simple/obj073/full.jpg
obj067,Low Drone,http://www.lowdrone.com/,,LowDrone uses a lowrider drone as performance art activism to fly it over the California US/Mexico Border to critique the surveillance and control of the border airspace by the military and industrial complex.,,hopper@lowdrone.com,,,,active,066,united_item,united,img/derivatives/simple/obj067/thumbnail.jpg,img/derivatives/simple/obj067/full.jpg
obj107,The South Texas Border 1900-1920,http://runyon.lib.utexas.edu/,,"The Robert Runyon Photograph Collection of the South Texas Border Area, a collection of 8,241 items, is a unique visual resource documenting the Lower Rio Grande Valley during the early 1900s. Donated by the Runyon family to the Briscoe Center for American History in 1986, it includes glass negatives, lantern slides, nitrate negatives, prints, and postcards, representing the life's work of commercial photographer Robert Runyon (1881-1968), a longtime resident of South Texas. His photographs document the history and development of South Texas and the border, including the Mexican Revolution, the U.S. military presence at Ft. Brown and along the border prior to and during World War I, and the growth and development of the Rio Grande Valley.",University of Texas Library at University of Texas at Austin,,,,,active,106,united_item,united,img/derivatives/simple/obj107/thumbnail.jpg,img/derivatives/simple/obj107/full.jpg
obj113,Turista Fronterizo,http://www.turistafronterizo.net/,,"The project designed and produced a bilingual virtual board game about daily life bicultural negotiation in San Diego/Tijuana for InSite 05. This game was designed using basic HTML, and thus is simple to use, so that populations unaccustomed to gaming will not be deterred by lengthy instructions or complicated maneuvers. The game looks like a board game, such as Monopoly or the Mexican version Turismo, and the movements around the board are simulated through ""point and click"" interaction with the screen. It ia a game to be played individually, like solitaire, in order to allow people who are not gaming devotees to partake of the game with ease. Players have the option to enter the game in English or Spanish and choose from among four player personae. The language and personae chosen determine the particular perspective on life experiences in the border region that each player have so that the more conversant one is in various idioms of the border, the more one can know about all the angles of the game and the more one has access to ""insider"" information on both sides of the border. The paths of each player allude to actual experiences that are typical of real life regular border crossers, from elderly Americans who go to Tijuana to buy cheaper prescription drugs medicine, to Mexican day laborers who make their way on foot along Route 5 each day and peddle their skills and trades in San Diego's suburbs. The game represents the US-Mexico border as material locality, and as representative of particular (corporate) practices. It focuses on the maquiladora or assembly plant, arguing that it is central to the work, and stands for post-Fordist late capitalism. Similar, it shows at how socio-economic inequalities of the border are encoded, and critiques the structural inequities of the border economy. In creating a virtual board game that acts as a refracted mirror of the sociocultural space of the US-Mexico border, we retrace the steps of the Surrealists and the Situationists .","Coco Fusco, Ricardo Dominguez",,,,,inactive,112,united_item,united,img/derivatives/simple/obj113/thumbnail.jpg,img/derivatives/simple/obj113/full.jpg
obj112,Transborder Immigrant Tool (Arte util),http://www.arte-util.org/projects/transborder-immigrant-tool/,,"Researchers, new media artists, and co-founders of the Electronic Disturbance Theater/b.a.n.g. lab, Ricardo Dominguez and Brett Stalbaum, together with a wider team of poets and professors, devised the Transborder Immigrant Tool (TBT) to improve the odds of a safe crossing of the Mexico U.S. border. Thousands of people have died in their journey, mostly due to its vertiginous and deserted geography. The TBT consists of a GPS system (in this case, standing for Geo Poetic System) with 24 hours of experimental poetry aimed at providing not only inspiration for survival, but also information on food/water caches, security activities, and directions to potentially safer routes. Its simple, user-friendly interface is designed as an easy hack to low-cost cell phones.","Electronic Disturbance Theater (EDT) 2.0/B.A.N.G. Lab, University of California, San Diego (UCSD), Ricardo Dominguez, Brett Stalbaum, Micha Cardenas, Amy Sara Carroll, and Elle Mehrmand (the artists)",rrdominguez@ucsd.edu,https://www.facebook.com/Transborder-Immigrant-Tool-152839651393417/,,,inactive,111,united_item,united,img/derivatives/simple/obj112/thumbnail.jpg,img/derivatives/simple/obj112/full.jpg
obj106,The Portal to Texas History,https://texashistory.unt.edu/,,"The Portal to Texas History is a gateway to rare, historical, and primary source materials from or about Texas. Created and maintained by the University of North Texas Libraries, the Portal leverages the power of hundreds of content partnersacross the state to provide a vibrant, growing collection of resources.","University of North Texas Libraries, Ana Krahmer, Cathy Nelson Hartman
Mark Phillips, Dreanna Belden",ana.krahmer@unt.edu,https://www.facebook.com/ThePortalToTexasHistory/,,,active,105,united_item,united,img/derivatives/simple/obj106/thumbnail.jpg,img/derivatives/simple/obj106/full.jpg
obj066,Los Tejanos,http://www.los-tejanos.com/index.html,,"A repository for bits and pieces of Texas culture. Collection with items Hernan Contreras'  family. The initial material is from south Texas, of particular interest are letters, photos, court documents, journals, certificates, wills, the stuff of ordinary people going about the business of wresting a living in the frontier. No myths; no legends just ordinary folks, for in the final analysis, it is the ordinary settler doing ordinary things under extraordinary circumstances that permanently forged the frontier. The ultimate goal of this project is to create a window through which we can see what it was like to be a Texan in the different eras. ",Hernan A. Contreras,hac@los-tejanos.com ,,,,active,065,united_item,united,img/derivatives/simple/obj066/thumbnail.jpg,img/derivatives/simple/obj066/full.jpg
obj072,"Mapping Mexican History: Territories in Dispute, Identities, in Question",https://utlibrariesbenson.omeka.net/exhibits/show/mapping-mexican-history,,"The exhibit focuses on three distinct moments when maps played an integral role in the transformation of Mexico and its political geography. In the sixteenth century, early colonial pictographic maps drawn by indigenous artists reflect the growth of Spanish colonial administration. These maps show how indigenous elites adapted pre-Hispanic visual traditions to Europeanized forms of documentation to record their histories and defend claims to land and power. In the eighteenth century, new maps of Mexicos principal cities serve as both representations and instruments of the viceregal governments efforts to re-order and regulate Mexican social life and public spaces. In the nineteenth century, maps are central to the military struggle for independence and the defense of contested national borders.","The University of Texas at Austin, LLILAS/Benson Latin American Collections, Jullianne Gilland",,,,,active,071,united_item,united,img/derivatives/simple/obj072/thumbnail.jpg,img/derivatives/simple/obj072/full.jpg
obj099,Southern Colorado Borderlands,https://www.historycolorado.org/exhibit/borderlands,,"History Colorado shares the stories of Colorado's past. The exhibition ""The borderlands of southern Colorado"" marks the site of the original El Pueblo, which was established in 1842 along the border and is well placed to tell the various stories. The river and the landscape of this place cover important history: from a meeting point between indigenous tribes to a physical border between nations, from a border between mountains and plains to a place of daily convergence between cultural and ethnic borders. This exhibition illuminates the geopolitical border history specific to this place, as well as the continuous regional borders of cultures, ethnic groups, landscapes, industries, religions and identities. Through an interactive map it shows the changing control zones over time to other videos, artifacts, and exhibits.",History Colorado Museum,,,,,active,098,united_item,united,img/derivatives/simple/obj099/thumbnail.jpg,img/derivatives/simple/obj099/full.jpg
obj089,Playas de Tijuana Mural Project: Public Engaged Digital Humanities and Scholarship,https://lizbethdelacruzsantana.com/about,,"The main goal of the project is to bring new public art of high artistic quality and enduring value to the world's largest land border entry and one of the busiest land border crossings in the world. At the same time, it intends to transform the public perception of deportability through institutional and societal engagement with the seven portraits and the 96 Quick Response (QR) codes plastered on the fence. The project incorporated Quick Response (QR) codes into a border wall to also provide the opportunity for people who cant go to Tijuana themselves to interact with the mural. As an additional resource to make the mural accessible to the public and educators, it has created a digital mural free to use and download.  The inclusion of QR codes has allowed audiences the opportunity to not only listen and watch the narratives but to also take agency in sharing the stories, facilitating their participation in creating consciousness of immigrant life in the U.S. and life after deportation. The project's approach to incorporate technology as a vehicle to connect the public to the art piece and the stories have been fruitful.","Lizbeth de la Cruz Santana, Mauro Carrera, Enrique Chiu, Maceo Montoya",lizbethdelacruzs@gmail.com,,https://twitter.com/lizbethdsantana,,active,088,united_item,united,img/derivatives/simple/obj089/thumbnail.jpg,img/derivatives/simple/obj089/full.jpg
obj076,Mexican Revolution and the United States,https://www.loc.gov/exhibits/mexican-revolution-and-the-united-states/,,"The Mexican Revolution and the United States in the Collections of the Library of Congress tells the dynamic story of the complex and turbulent relationship between Mexico and the United States during the Mexican Revolution, approximately 1910-1920. The site features extraordinary items from many parts of the Library including letters from U.S. President William Howard Taft (1909-1913), photographs, books, manuscripts, and maps. Other materials covering the U.S. invasion of Veracruz in 1914 and the 1916 U.S. incursion in search of Pancho Villa led by General John J. Pershing, original film footage taken during the fighting, and sheet music and recordings of songs sung at the time in the U.S. and, thanks to Arhoolie Records, the marching songs of both Pancho Villa (Adelita) and Venustiano Carranza (Valentin). This online exhibition closes with items depicting the impact of the Mexican Revolution on the United States and the consequences of the Revolution on the future of Mexican politics.","Library of Congress, James H. Billington, former Librarian of Congress; completed under David Mao, Acting Librarian of Congress",,,https://twitter.com/librarycongress,,active,075,united_item,united,img/derivatives/simple/obj076/thumbnail.jpg,img/derivatives/simple/obj076/full.jpg
obj062,Justice in Mexico Project,https://justiceinmexico.org/,,"Justice in Mexico works to improve citizen security, strengthen the rule of law, and protect human rights in Mexico. They generate cutting edge research, promote informed dialogue, and work to find solutions to address these enormously complex issues. As a U.S.-based initiative, their program partners with key stakeholders, experts, and decision makers, lending international support to help analyze the challenges at hand, build consensus about how to resolve them, and foster policies and programs that can bring about change.",David Shirk ,davidashirk@gmail.com,https://www.facebook.com/JusticeinMexico/,https://twitter.com/JusticeinMexico,,active,061,united_item,united,img/derivatives/simple/obj062/thumbnail.jpg,img/derivatives/simple/obj062/full.jpg
obj102,Texas Slavery Project,http://www.texasslaveryproject.org/,,"The Texas Slavery Project examines the spread of American slavery into the borderlands between the United States and Mexico in the decades between 1820 and 1850. American slaveholders began migrating to the Mexican province of Texas in the 1820s, where they established a society like those developing at the same time in Mississippi and Alabama. Tensions quickly rose between these Anglo settlers and the government of Mexico, which repeatedly attempted to outlaw slavery in Texas. Settlers in the region eventually rebelled from Mexico in 1836 and established the Republic of Texas. From 1836 to 1845, slaveholders from the American South poured into this new nation between the borders of the United States and Mexico. Centered on a database of slave and slaveholder populations in Texas during the Republic era (1837-45), the Texas Slavery Project offers a window into the role slavery played in the development of Texas in the years before the region became part of the United States. Dynamic interactive maps show the changing flows of enslaved and slaveholder populations in Texas over time. The population database search engine allows users to discover the growth of slave and slaveholder populations in the region. Digitized original documents from the era provide an opportunity to hear the voices of those who lived with slavery in early Texas","University of Virginia, The Summerlee Foundation of Dallas, and The Virginia Center for Digital History, Andrew J. Torget , Dave Zimring, Bill Ferster, Bill Covert, Bill Hunt ",andrewtorget@gmail.com,,https://twitter.com/ElPuebloMuseum,,active,101,united_item,united,img/derivatives/simple/obj102/thumbnail.jpg,img/derivatives/simple/obj102/full.jpg
obj103,The Everett D. Graff Collection of Western Americana,http://publications.newberry.org/graff/#/,,"This site contains more than 130,000 digitized images from the Newberrys renowned Graff collection, documenting Americas westward expansion. Topics covered include narratives from explorers, pioneers, hunters, traders, and prospectors; accounts of the Mormon treks of 1846 and 1849, the California gold rush, and overland travel during the 19th century; the development of transcontinental railroads; the growth of Western city and town life; and the history and culture of Native Americans.",Newsberry Library Digital Collections,,,https://twitter.com/NewberryLibrary,,active,102,united_item,united,img/derivatives/simple/obj103/thumbnail.jpg,img/derivatives/simple/obj103/full.jpg
obj063,Kodama Cartonera,http://issuu.com/kodamacartonera,,Kodama Cartonera is the first cardboard publishing house on the United States-Mexico border. It is dedicated to creating books with cardboard covers and publishing a digital version of them.,"Mavi Robles-Castillo, Jhonnatan Curiel, Aurelio Meza",kodamacartonera@gmail.com,https://www.facebook.com/Kodama-Cartonera-175081929209722/,https://twitter.com/KodamaCartonera,,active,062,united_item,united,img/derivatives/simple/obj063/thumbnail.jpg,img/derivatives/simple/obj063/full.jpg
obj077,Mexico-United States Border Geoportal-iSTAR-UNAM,http://www.istar.igg.unam.mx/geoportal/home,,"Border Geoportal is a geographic information web system developed by the International Spatial Technology and Research Lab (iSTAR). The comprehensive web-based portal allows users to integrate, store, display, analyze and download data and geographic information that supports the needs of academic, institutional and professional users (public, private and social) for planning and management of the Mexico/United States border region.","UNAM, CSUN",,,,,in progress,076,united_item,united,img/derivatives/simple/obj077/thumbnail.jpg,img/derivatives/simple/obj077/full.jpg
obj088,Pee Posh Migrations,https://peeposh.wordpress.com/,,"This project combines written oral stories, based on the tradition of oral stories, with maps to create a modern version of Pee Posh's migration. Pee Posh, is a group of indigenous peoples from southern Parker, Arizona and north of Blythe, California, on the Colorado River. The Pee Posh were originally part of a larger society of tribal affiliations labeled as Patans, these tribal nations spoke the original language of Yuman and had lands from Baja California that extended north of Parker, west to the coast of southern California and east on the Gila River near the Mohawk Mountains.",Shane Lynch,shane_lynch@ku.edu,,https://twitter.com/ShaneSLynch1,,active,087,united_item,united,img/derivatives/simple/obj088/thumbnail.jpg,img/derivatives/simple/obj088/full.jpg
obj049,Femme Frontera Filmmaker Showcase,https://www.femmefrontera.org/,,"Femme Frontera is a collective of six women filmmakers from the U.S.-Mexico border region. We advocate for the amplification of films made by female filmmakers from borders across the globe. We celebrate these unique voices through showcasing work, funding female-directed projects, and providing film education.
","Angie Reza Tures, Ilana Lapid, Iliana Sosa, Jazmin Harvey, Jennifer Lucero, Laura Theresa Bustillos Jacquez",femmefrontera@gmail.com,https://www.facebook.com/femmefrontera/,,https://www.instagram.com/femme_frontera/,active,048,united_item,united,img/derivatives/simple/obj049/thumbnail.jpg,img/derivatives/simple/obj049/full.jpg
obj061,Juaritos Literario: Cartografia literaria de Ciudad Juarez,https://juaritosliterario.com/proyecto/,,"The research and this citizen intervention project has as a priority the identification and digitization of literary works (almost a thousand); publication of reviews-blog posts (205) dealing with both fictional spaces and the experience of touring them; and, most importantly, the design of literary routes and the implementation of urban walks (8 in total) around the heritage that written discourse has established and from now on is tangible, patent and passable on this, our border.","Amalia, Elisa, Antonio, Urani Montiel",carlosurani@gmail.com,https://www.facebook.com/juaritosliterario/,,,active,060,united_item,united,img/derivatives/simple/obj061/thumbnail.jpg,img/derivatives/simple/obj061/full.jpg
obj075,Mexican Genealogy,https://mexicangenealogy.info/mexican-genealogy-resources-by-state/,,"The Mexican Genealogy blog is dedicated to the genealogy of Mexico and it's Spanish colonial period. Most of all, it strives to provide its readers with resources and tools to help them find their Mexican roots and ancestry.","Moises Garza, Gregory Pisano, Cindy Medina, Letty Elizondo, Mary Leal Ramirez, Lynn Baker-Hack, Ana Ortiz, Faraon Torres Lazo, Deanna Leal ",moisesgarza@mexicangenealogy.info,https://business.facebook.com/MexicanGenealogy/,https://twitter.com/MexicanGenealog,,active,074,united_item,united,img/derivatives/simple/obj075/thumbnail.jpg,img/derivatives/simple/obj075/full.jpg
obj115,Undocumented Migration Project,https://www.kickstarter.com/projects/selaromalvaro/hostile-terrain-augmented-reality-experience/?fbclid=IwAR09-A1U89XAWWM2g66YnAV0BBHYriUUK3P25tC3SicRwwg7jubKZiChyeU,,"Undocumented Migration Project (UMP) to bring to life Hostile Terrain 94 (HT94) Augmented Reality (AR). This interactive experience opens a window into the odyssey that is clandestine migration across the US-Mexico border. Utilizing open-source data from government agencies, the installation maps more than 3,200 toe tags with case file information from migrants whose bodies have been recovered on U.S. soil since the mid-1990s. Upon visiting the exhibition, you can point your phone at the toe tag wall and enter AR portals that give a glimpse into the stories of those that have crossed the Sonoran Desert via interviews, the unforgiving environment via 360-degree photos, and the cost of the journey via shrines and memorials for the fallen. The installation will travel to over 150 locations over the course of 2020. They are also expanding the audience of the exhibitions by including an option in our app for users to access the content from anywhere in the world.","Alvaro Martinez, Alex Suber",,,,,in progress,114,united_item,united,img/derivatives/simple/obj115/thumbnail.jpg,img/derivatives/simple/obj115/full.jpg
obj101,Texas Freedom Colonies Project,http://www.thetexasfreedomcoloniesproject.com/,,"From 2014 to the present, The Texas Freedom Colonies Project founder, Dr. Andrea Roberts has documented Black settlement heritage and grassroots preservation practice among descendants of these historic communities.",,aroberts318@tamu.edu,https://www.facebook.com/TheTexasFreedomColoniesProject/,,,active,100,united_item,united,img/derivatives/simple/obj101/thumbnail.jpg,img/derivatives/simple/obj101/full.jpg
obj100,Sultanita Literaria,http://sultanitaliteraria.com/ ,,"It used to be similar to Juaritos Literario serving as research and citizen intervention project that had as a priority the identification and digitization of literary works (almost a thousand); publication of reviews-blog posts and the experience of touring them; and, most importantly, the design of literary routes and the implementation of urban walks around the heritage that written discourse has established from the state of Nuevo Leon.",,,,,,inactive,099,united_item,united,img/derivatives/simple/obj100/thumbnail.jpg,img/derivatives/simple/obj100/full.jpg
obj114,U.S.-Mexican War 1846-1848,http://www.pbs.org/kera/usmexicanwar/index_flash.html,,"The U.S. Mexican War (1846-1848) tells the dramatic story of a war in which Mexico lost almost half of its national territory to the United States. This national Emmy Award-winning documentary series explores the events surrounding the conflict between two neighboring nations struggling for land, power and identity.","PBS, Sylvia Komatsu
",,,,,inactive,113,united_item,united,img/derivatives/simple/obj114/thumbnail.jpg,img/derivatives/simple/obj114/full.jpg
obj074,Mapping Violence,https://mappingviolence.com/,,"A multifaceted project that includes compiling a digital archive of histories of racial violence, researching documented cases, curating content (including digital tours and historical essays), and an interactive map. The digital archive is the first to include multiple forms of violence (at the hands of law enforcement, US soldiers, and vigilantes) that targeted multiple racial and ethnic groups (African Americans, Mexican Americans, Mexican nationals, Asian Americans, Native Americans and European immigrants). Mapping Violence will be useful for a range of groups. Visitors will be able to learn from historical essays, a timeline, digital tours, and the descriptions of each event. The content developed for this project will help public users gain an understanding of the complexities of the history of racially-motivated violence. ","Monica Munoz Martinez, Jim McCrath, Felicia Bevel, Jonathan Cortez, Maggie Unverzagt Goddard, Anni Pullagura, Nicole Sintetos, Emily Esten, Ricardo Jaramillo, Jeremy Wolin",,,,,active,073,united_item,united,img/derivatives/simple/obj074/thumbnail.jpg,img/derivatives/simple/obj074/full.jpg
obj060,Institute of Oral History,https://www.utep.edu/liberalarts/oral-history/,https://vimeo.com/utepohi ,"The Institute of Oral History was established in 1972 for the purpose of ""preserving the history of the region adjacent to the Rio Grande both in the United States and in Mexico."" Since that time, the Institute has built one of the largest border-related oral history collections in the United States. While an emphasis has been on the El Paso-Ciudad Juarez region, the collection also contains interviews dealing with the history of communities all along the U.S.-Mexico border. These materials cover a wide range of subjects, spanning social, economic, political, cultural and artistic concerns.","Dr. John H. McNeely, Department of History; acting director Yolanda Chavez Leyva",ohistory@utep.edu,,https://twitter.com/UTEPOralHistory,,active,059,united_item,united,img/derivatives/simple/obj060/thumbnail.jpg,img/derivatives/simple/obj060/full.jpg
obj048,Feminist Border Arts Film Festival,https://wordpress.nmsu.edu/mjonet/,,"Held annually in April, the Feminist Border Arts Film Festival celebrates the power of cinema as a creative platform for filmmakers and viewers to confront urgent social issues. The festival emphasizes artistic vision in telling stories in short film (under 15 min.), including live-action narrative, documentary, and animation. It showcases student and professional filmmakers, domestic and international who create thought-provoking depictions of identity and difference that explore gender and identity, race, sexuality, class, transnationality, migration, refugees and displaced persons, dis/ability, the environment, as well as other important categories.

Located less than 50 miles from the U.S./Mexico border at New Mexico State University in Las Cruces, New Mexico, the Feminist Border Arts Film Festival is committed to thinking about margins. The festival defines feminist border arts as a practice that constantly reconfigures boundaries and challenges the limits of conventional representation. Borders are intersections. Intersectionality, the concept that social identities are multiple and overlapping, is the vision of the festival. Featured films are perspectives from the edge;  visions from the margins that create new ways of seeing. They revive the promise of cinema, the possibility of film.","Dr. M Catherine Jonet, New Mexico State University, Gender & Sexuality Studies/Interdisciplinary Studies Department",mjonet@nmsu.edu,,https://twitter.com/gensXprof,https://www.instagram.com/genxprof/,active,047,united_item,united,img/derivatives/simple/obj048/thumbnail.jpg,img/derivatives/simple/obj048/full.jpg
obj007,Bexar Archives Online 1717-1805,https://www.cah.utexas.edu/projects/bexar/,,"The Bexar Archives are the official Spanish documents that preserve the political, military, economic, and social life of the Spanish province of Texas and the Mexican state of Coahulia y Texas. Both in their volume and breadth of subject matter, the Bexar Archives are the single most important source for the history of Hispanic Texas up to 1836.","The University of Texas at Austin, Dolph Briscoe Center for American History",https://www.cah.utexas.edu/projects/bexar/comments.php,,,,active,006,united_item,united,img/derivatives/simple/obj007/thumbnail.jpg,img/derivatives/simple/obj007/full.jpg
obj013,BorderClick,http://borderclick.tumblr.com/,,"BORDERCLICK is a digital living archive exploring the complexities of the transfronterizo experience. Borderclick's mission aims to give lyrical visual representation to transfronterizx life through photography,360 video, and social media. By capturing the feelings, memories and experiences living between two cultures and nations, Mexico and the United States, they bring an authentic and honest challenge to the common stereotypes of border-crossers. Throughout this process of self-exploration, they have discovered that despite the intentionally isolating effects of the physical border wall, the challenge of crossing it on a daily basis, and its extensive violence upon their minds and bodies, they have managed to find and connect with one another and help visualize an otherwise invisible community. They have learned how to collaborate, engage others in dialogue around border issues, and pledge to continue to support each other and advocate for their communities in our pursuit of self-improvement, social justice, and civic engagement.","Josemar Gonzalez, Rebecca Goldschmidt",https://www.facebook.com/josemar.gonzalezlizarraga,,https://twitter.com/borderclick,https://www.instagram.com/borderclick,active,012,united_item,united,img/derivatives/simple/obj013/thumbnail.jpg,img/derivatives/simple/obj013/full.jpg
obj012,Border Tuner,https://www.bordertuner.net/home,,"Border Tuner is a large-scale participatory art installation. It is designed to interconnect El Paso and Ciudad Juarez and to highlight the complex and long-term collaboration that exists between the two cities and the two countries, providing a powerful and positive counter-narrative to the current rhetoric over the border. The piece was installed between Mexico and the United States, where powerful robotic reflectors create bridges of light that open live sound channels for communication across the border. The piece creates a fluid canopy of visible light for up to 10 miles. Visitors can move the lights in six interactive stations, three located in Chamizal de Juarez Park and three at Bowie High School in El Paso. Each of the interactive stations features a custom-made music stand with a microphone, a speaker and a large knob or dial. When a participant turns the dial; Three nearby reflectors create an arm of light that follows the movement of the dial, automatically scanning the horizon. When two of those arms of light meet in the sky and intersect, a sound channel opens between people in the two remote stations. While they talk and listen, the brightness of the light bridge is modulated in synchronization, a flash like a twinkle of the Morse code. Each interactive station can tune in to any other station, so, for example, a participant in Mexico can connect to the three US-based stations. UU. or the other two in Mexico, as desired.",Rafael Lozano Hemmer,info@bordertuner.net,,,,inactive,011,united_item,united,img/derivatives/simple/obj012/thumbnail.jpg,img/derivatives/simple/obj012/full.jpg
obj006,Arizona Memory Project,http://azmemory.azlibrary.gov/cdm/,,"The Arizona Memory Project provides access to the wealth of primary sources in Arizona archives, museums, libraries, and other cultural institutions. Visitors to the site will find some of the best examples of government documents, photographs, maps, and multimedia that chronicle Arizona's past and present.  ",,,,,,active,005,united_item,united,img/derivatives/simple/obj006/thumbnail.jpg,img/derivatives/simple/obj006/full.jpg
obj010,Border Postcard Views,http://borderpostcardviews.asu.edu/ ,,Digital exhibition of a postcard collection from the U.S.-Mexico border. ,Arizona State University Libraries,,,,,inactive,009,united_item,united,img/derivatives/simple/obj010/thumbnail.jpg,img/derivatives/simple/obj010/full.jpg
obj004,Archivo Historicos Municipal de Hidalgo del Parral (Parral Archive),http://www.rootspoint.com/fondo-colonial,http://gsha-sc.blogspot.com/2015/09/fondo-colonial-of-parral-archive-online.html,"The Fondo Colonial collection of the Archivo Historico Municipal de Hidalgo del Parral, spans between 1611-1821 & contains civil colonial records of the Province of Nueva Viscaya, today consists of the states of Northern Mexico.",,,,,,inactive,003,united_item,united,img/derivatives/simple/obj004/thumbnail.jpg,img/derivatives/simple/obj004/full.jpg
obj038,Ecos del desierto,http://ecosdeldesierto.org/,,"The project emerged from an iniciative from El Centro para el Desarrollo Integral de la Mujer with the objective of visibilizing the contributions that the mothers of feminicide victims towards the condemnation of gender violence and for women's rights while fighting for justice for their daughters, the mystery of their disappearance and feminicide. It was also founded to recognize and thank the mothers for the work that has been done to defend girls rights, as well as mothers with missing daughters in Ciudad Juarez, who found the strength after the worst day of their lives to go out and demand justice and respect for their daughter's rights.","Centro para el Desarrollo Integral de la Mujer (CEDIMAC); Alejandra Aragon, Ivonne Mendoza (directora)", cedimujer@hotmail.com,,,,active,037,united_item,united,img/derivatives/simple/obj038/thumbnail.jpg,img/derivatives/simple/obj038/full.jpg
obj039,Editorial Monomitos,https://issuu.com/monomitos,,"Monomitos is an independent press of digital editions e es una editorial independiente de ediciones digitales and print on demand specialized in graphic, horror and science fiction narrative.",Nestor Robles,ndjrobles@gmail.com,https://es-la.facebook.com/monomitospress/,,,inactive,038,united_item,united,img/derivatives/simple/obj039/thumbnail.jpg,img/derivatives/simple/obj039/full.jpg
obj005,Archivo Municipal Digital de Saltillo,http://www.archivomunicipaldesaltillo.info/,,"The Saltillo Municipal Archive is the institution of the R. City Council that safeguards, orders, classifies, describes and disseminates the documentary collections generated by the local municipal administration over time. Being officially inaugurated in 1984, it treasures those records of yesteryear, photographs from other eras, magazines and newspapers of different types, books on regional historiography and old plans that testify to the local social itinerary. For this reason and more, the Saltillo Municipal Archive is considered a nerve center of information.",Gobierno de Saltillo,informes@archivomunicipaldesaltillo.gob.mx,,https://twitter.com/ArchivoSaltillo,,active,004,united_item,united,img/derivatives/simple/obj005/thumbnail.jpg,img/derivatives/simple/obj005/full.jpg
obj011,Border Studies Archive,http://www.utrgv.edu/bsa/en-us/index.htm,,"The Border Studies Archive, a part of the University Library, houses collections focused on the folklore, histories and lives of people living along the U.S.-Mexican border in South Texas. Our collections include aural, material and visual documentation related to (1) Border Music, (2) construction of the Border Wall and Border Security more generally, (3) Latinas and Politics, (4) Spanish Land Grants, (5) Traditional Mexican American Folklore and (6) Visual Border Studies. In addition to these six areas, we have a growing list of Border Oral History Interviews.","University of Texas Rio Grande Valley, Dr. Margaret E. Dorsey, Miguel Diaz-Barriga, Servando Z. Hinojosa, Lupe A. Flores, Shantal Brissette, Rocio Diaz, Russell Skowronek",bsa@utrgv.edu,https://www.facebook.com/borderstudiesarchive/,https://twitter.com/BorderArchive,,active,010,united_item,united,img/derivatives/simple/obj011/thumbnail.jpg,img/derivatives/simple/obj011/full.jpg
obj029,Corridos,https://www.marktribestudio.com/tijuana-calling/corridos/,http://www.ungravity.org/corridos/,"Corridos is a interactive video game, done with open source tools including Blender, distributed freely in the internet as a downloadable application, running on all platforms. The game is an installation to make a statement about the US-Mexican border and drug trafficking. While the game experience still allows the player to be put into the Mexican drug trafficking culture, the way in which the game is operated can really change the experience. The computer game is centralized around the idea of driving drugs across the border while listening to Corridos music, which is really making a statement about the culture of drug trafficking between the US-Mexican border. The game takes players through secret tunnels where they can drive across (under) the border at fast speeds or sit for hours at border controls. However, the game is so much more than fast cars and cool music. It focuses on the illegal exchanges that take place across our borders and how that affects our society.","Anne-Marie Schleiner, Luis Hernandez-Galvan",,,,,inactive,028,united_item,united,img/derivatives/simple/obj029/thumbnail.jpg,img/derivatives/simple/obj029/full.jpg
obj015,Borderland,https://apps.npr.org/borderland/#_,,"During two weeks the team drove through the region where the U.S and Mexico meet. The projects presents tales of people who cross this region. With the use of photographs, maps, stadistics and documents it is presented the background of the differente personal narratives. ","Steve Inskeep, Kainaz Amaria, Jeremy Bowers, Danny DeBelius, Tyler Fisher, Chris Groskopf, Becky Lettenberger, Wes Lindamood, Claire O'Neill and Matt Stiles/NPR, Andy Becker, Michael Corey and Tia Ghose/The Center for Investigative Reporting",,,,,active,014,united_item,united,img/derivatives/simple/obj015/thumbnail.jpg,img/derivatives/simple/obj015/full.jpg
obj001,United Fronteras,https://unitedfronteras.github.io/,,"United Fronteras brings together active and inactive works that leverage digital components to document the borderlands from multiple perspectives (literature, archives, art, oral histories, music, among others) from pre-colonial times to the twenty-first century. The projects is featured through a digital map and various visualizations that yield a digital cultural record of work about the borderlands. Additionally, it offers audiences a unique opportunity to meaningfully engage in the multidimensional layers of border regions.","Carolina Alonso,Maira Alvarez,Sylvia Fernandez, Alex Gil, Laura Gonzales, Ivonne Ramirez, Rubria Rocha de Luna, Roopika Risam, Veronica Romero, Annette Zapata ",unitedfronteras@gmail.com,,https://twitter.com/UnitedFronteras,,in progress,000,united_item,united,img/derivatives/simple/obj001/thumbnail.jpg,img/derivatives/simple/obj001/full.jpg
obj014,"Border Land: The Struggle for Texas, 1820-1879",https://library.uta.edu/borderland/about,,"This project maps sites of conflict between Native Americans and Euro-Americans in Texas from the creation of the First Mexican Republic to the outbreak of the U.S.-Mexico War (1821-1846). Its data is particularly valuable in allowing researchers to learn more about the mobility patterns of the nomadic and semi-nomadic tribes of Texas, and how these patterns changed over time. It will also give us a more complete picture of the wide-ranging nature of inter-ethnic conflict in Texas.","Dr. Sam Haynes, Brandon Blakeslee, Charles Grand, Barbara Moore, Elias Perez, University of Texas at Arlington Libraries, Harini Akkanapragada, Ben Huseman, Andrew Leverenz, Candy McCormic, Krystal Schenk, Chirag Shah, Ali Behseresht, Ramona Holmes, Lynn F. Johnson, Simranjeet Kaur, William Kingren, Rafia Mirza, Sarbajeet Pulaha, Elizabeth York  ",,,,,active,013,united_item,united,img/derivatives/simple/obj014/thumbnail.jpg,img/derivatives/simple/obj014/full.jpg
obj028,Cognate Collective,https://www.cognatecollective.com,https://vimeo.com/user11162328,"Since 2010, Cognate Collective has developed research projects, public interventions, and experimental pedagogical programs in collaboration with communities across the US/Mexico border region. Their inter-disciplinary projects address issues of citizenship, migration, informal economies, and popular cultural, while arguing for understanding the border not as a bifurcating line, but as a region that expands and contracts with the movement of people and objects. They currently work between Tijuana, MX, San Diego, CA, Santa Ana, CA and Los Angeles, CA.","Misael Diaz, Amy Sanchez",cognate.collective@gmail.com,https://www.facebook.com/cognate.collective/,,,active,027,united_item,united,img/derivatives/simple/obj028/thumbnail.jpg,img/derivatives/simple/obj028/full.jpg
obj002,A Visual History of Chicano/a/x Literature,https://faculty.ucmerced.edu/mmartin-rodriguez/index_files/00VH.htm,,"This page has been designed to provide users with a quick index to the history of Chicano/a/x literature. Unlike traditional bibliographies, this page relies on images of book covers in order to familiarize users with creative books by Chicano/a/x authors. The use of images in this page is for educational purposes only.",Manuel M Martin Rodriguez,mmartin-rodriguez@ucmerced.edu,,,,active,001,united_item,united,img/derivatives/simple/obj002/thumbnail.jpg,img/derivatives/simple/obj002/full.jpg
obj016,Borderlands Archives Cartography,https://www.bacartography.org/,,"The proyect is dedicated to locate, map, and facilitate the access of borderland periodicals. The objective of BAC is to create a transborder archive to visualize the newspaper production from 1808 to 1930 of both sides of the border in order to understand the region and its communities before and after it became a division line. This project uses postcolonial digital humanities practices to expand the notion of borders and facilitate the access to the material in order to promote diverse forms of research and communities involvement.","Maira Alvarez, Sylvia Fernandez",bacartograpy@gmail.com,https://www.facebook.com/bacartography/,https://twitter.com/BACartography,https://www.instagram.com/bacartography/,active,015,united_item,united,img/derivatives/simple/obj016/thumbnail.jpg,img/derivatives/simple/obj016/full.jpg
obj017,Borderlands History,https://borderlandshistory.org/about/,,"Borderlands History, an academic blog which promotes discussion of issues surrounding the history of the U.S.-Mexico borderlands as well as other borderlands regions. In its website they feature book reviews, book notices, author interviews, news announcements, and other discussions of borderlands topics, methodology, and theory.","Mike Bess, Joanna Camacho, Carolina Monsivais, Lina Murillo, Cynthia Renteria, Jared Tamez, Jessica DeJohn Bergen",borderlandshistory@gmail.com,https://www.facebook.com/BorderlandsHist/,https://twitter.com/BorderlandsHist,,active,016,united_item,united,img/derivatives/simple/obj017/thumbnail.jpg,img/derivatives/simple/obj017/full.jpg
obj026,Chronicling America: Historic American Newspapers,https://chroniclingamerica.loc.gov/,,"Chronicling America is a Website providing access to information about historic newspapers and select digitized newspaper pages, and is produced by the National Digital Newspaper Program (NDNP). NDNP, a partnership between the National Endowment for the Humanities (NEH) and the Library of Congress (LC), is a long-term effort to develop an Internet-based, searchable database of U.S. newspapers with descriptive information and select digitization of historic pages. Supported by NEH, this rich digital resource will be developed and permanently maintained at the Library of Congress. An NEH award program will fund the contribution of content from, eventually, all U.S. states and territories.","Library of Congress, National Endowments for the Humanities",,https://www.facebook.com/libraryofcongress,https://twitter.com/LibraryCongress,,active,025,united_item,united,img/derivatives/simple/obj026/thumbnail.jpg,img/derivatives/simple/obj026/full.jpg
